"junk","description","title","country","posting-date","location","name"
"junk","description","title","country","posting-date","location","name"
"Super sexy escort BIO Category:Female Ethnic:Caucasian (white) Age:19 Hair:Light brown Hair Length:Long Height: 175 cm (5' 9 ) Languages: English Italian Available for: Incall Outcall: Hotel and home visits Orientation:Heterosexual Service for: Men Home City: Kiev (Ukraine)","DO YOU WISH TO SEE MORE PHOTOS OF THIS MODEL  JUST SEND US A MESSAGE! Services Anal Sex Cum in Mouth Cum on Face French Kissing Girlfriend Experience (GFE) Kissing Blowjob without Condom Blowjob without Condom to Completion Sex in Different Positions Extraball Cumshot on body (COB) Erotic massage Intimate massage Handjob Additional: DATY Rates Incall 1 hour: 150 USD 3 hours: 300 USD 10 hours: 500 USD 24 hours: 700 USD 2 days: 1,200 USD 3 days: 1,600 USD 4 days: 1,950 USD 5 days: 2,300 USD 6 days: 2,650 USD 7 days: 2,950 USD Outcall 1 hour: 150 USD 3 hours: 300 USD 10 hours: 500 USD 1 days: 700 USD 2 days: 1,200 USD 3 days: 1,600 USD 4 days: 1,950 USD 5 days: 2,300 USD 6 days: 2,650 USD 7 days: 2,950 USD All services are included in this price.   1 day means up to 24 hours    + cab fare 50 Griwna Payment: Down payment travel expenses PLUS $150 DEPOSIT for 1 day bookings, travel expenses PLUS $250 DEPOSIT for 2 day bookings, travel expenses PLUS $300 DEPOSIT for 3 days or more bookings . A deposit of 50% is required if you prefer to purchase the ticket and to send us an e-ticket For reservations in Kiev: For dates in Kiev ODESSA LVOV we have a travel flat rate of $175 within Ukraine. Travel Rates & Conditions Minimum Booking 1 hours Travel Destinations Europe only Contact Agency Devushki1 Base city: Donezk Available in: Kiev, Odessa, Lviv Phone: Other phone instructions:SMS and text only E-mail: Web: www.devushkione.com nastik.html Private message: Working time I am available 24 7 See all escorts from Devushki1 view type Click for details Vanessa, 24 Click for details Darya, 27 Click for details Vika, 23 Click for details Carolina, 28 Click for details Luisa, 29 Click for details Jana, 20 Click for details Elvira, 19 Click for details Diana, 19 Click for details Elen, 31 Click for details Katya, 22 Click for details Dana, 26 Click for details Alina, 24 Click for details Anya, 22 Click for details Sonya, 23 Comments Reviews Comments Add a comment Comment is awaiting moderation Reviews Add a review","Escort and hot girl Nastik in Donezk","Ukraine","Last modified: 28 Apr 2016","Donezk","Nastik"
"BIO Category:Female Ethnic:Caucasian (white) Age:20 Eyes:Green Hair:Brunette Hair Length:Medium Tattoo:Yes Piercing:No Height: 168 cm (5' 6 ) Weight: 56 kg (123 lbs) Bust-Waist-Hip:36-26-35 Cup size:B Breast:Natural Shoe size:37 Dress size:S Smoker:No Drinking:Occasionally Languages: Hungarian English Available for: Incall: Hotel room Outcall: Hotel and home visits Orientation:Bisexual Service for: Men Couples Favorite Drink:Wine Favorite Perfume:Armani Si Favorite Designer   Brand:Givenchy, Fendi, Christian Louboutin Interests:gym, nightlife Sports:jogging Gifts:langerie","I am Sweet Amber the ULTIMATE REAL GIRLFRIEND EXPERIENCE. I am super friendly, charm, sweet, seductive, and a first class companion. I have a very attractive body with natural boobs:) I am selective with my companion, and it is my desire to meet generous and full loving gentleman. I LOVE HAVING FUN, FUN, FUN!!:))) That is why I am very adventourous, open minded and naughty:) You will feel that we have know each other for a very long time!:) It is my aim to please and make sure you are happy and VERY SATISFIED!:))) Your stress will be melted away by ny sweetness and easy going attitude, and you will leave with a BIG-BIG smile after ytour session. I am eager to hear from you and pampers you as soon as possible!:)) Services 69 Position Anal Sex Cum in Mouth Cum on Face Dildo Play Toys Girlfriend Experience (GFE) Kissing Blowjob with Condom Blowjob without Condom Blowjob without Condom to Completion Sex in Different Positions Ball Licking and Sucking Deep Throat Dirtytalk Facesitting Full Body Sensual Massage Kamasutra Lingerie Masturbate Blowjob without Condom Swallow Prostate Massage Striptease Lapdance Fetish Foot Fetish Golden Shower (give) Mistress (hard) Mistress (soft) Role Play and Fantasy Cumshot on body (COB) Erotic massage Intimate massage Kissing if good chemistry Anal massage (give) Shower service Whirlpool Intimate shaving Sauna Handjob Fingering Footjob Oral (receive) Costumes uniforms Rates Incall 1 hour: 400 USD 90 minutes: 600 USD 2 hours: 800 USD 3 hours: 1,100 USD overnight : 2,500 USD dinner date : 1,400 USD Outcall 1 hour: 500 USD 90 minutes: 750 USD 2 hours: 1,000 USD 3 hours: 1,400 USD overnight : 3,300 USD dinner date : 1,800 USD Travel Rates & Conditions Rates 3 hours: 1400 USD Minimum Booking 1 hours Payment Method Cash Flight Reservation Negotiable Travel Destinations Europe only Contact Base city: Los Angeles CA Available in: San Francisco CA, Seattle WA, Kansas City MO E-mail: Web: www.sweetamberofficial.com Private message: Working time I am available 24 7","Escort and hot girl Sweet Amber in Los Angeles CA","United States","Last modified: 28 Apr 2016","Donezk, Ukraine","Sweet Amber"
"BIO Category:Female Ethnic:Latin Nationality:British Age:22 Eyes:Brown Hair:Black Hair Length:Very Long Piercing:No Height: 168 cm (5' 6 ) Smoker:No Drinking:Occasionally Languages: English Available for: Incall: Hotel room Outcall: Hotel and home visits Orientation:Bisexual Service for: Men Women Couples","We are an Elite Gentlemans`Companion, at the time located around the World (Dubai, Singapore, London, Paris, Milano, Berlin, New York, Abu Dhabi and World wide.) &ndash; but you can also meet us in almost every place in the world. We offer high class full-service of the most exquisite quality. Please take your time and enjoy your time on our site.&ldquo; An intellectually inspiring conversation can be as exciting as a physical experience&rdquo;. We love to share this experience with you. Alana gold is a high class agency for travel escorting, business escorting, boat partys and more&hellip; The ladys have a highgrade education. Alana Gold specializes in overnight stays, holidays, accompaniments, long bookings and dinner dates. Our models are all independent, extraordinary, wise,athletic, independent, and incredibly beautiful and sexy women. They know how they have to behave in the situations booked. A very small but selected range ofsuper high class models for every pleasant occasion. I wish you a very exciting experience and gold by Alana. Alana gold their &ldquo;personal assistant for fun and amusing society&ldquo;. Services 69 Position Anal Sex Cum in Mouth Cum on Face Dildo Play Toys French Kissing Girlfriend Experience (GFE) Kissing Blowjob with Condom Blowjob without Condom Blowjob without Condom to Completion Sex in Different Positions Ball Licking and Sucking Deep Throat Dirtytalk Double Penetration (DP) Extraball Facesitting Fisting Full Body Sensual Massage Lingerie Prostate Massage Rimming (give) Rimming (receive) Snowballing Striptease Lapdance BDSM Golden Shower (give) Golden Shower (recieve) Leather Latex PVC Mistress (hard) Mistress (soft) Role Play and Fantasy Spanking (give) Strap on Cumshot on body (COB) Erotic massage Intimate massage Kissing if good chemistry Foam massage Titjob Anal massage (give) Anal massage (receive) Shower service Whirlpool Sauna Handjob DUO Fingering Footjob Rates Incall 1 hour: 3,000 AED (~817 USD) Outcall 1 hour: 3,000 AED (~817 USD) Travel Rates & Conditions Travel Destinations Europe only Contact Agency Alanagold Base city: Dubai Phone: Apps Available: WhatsApp Phone instructions: SMS and Call E-mail: Web: alana-gold.com  Private message: Working time I am available 24 7 See all escorts from Alanagold view type Click for details Vip Mode..., 24 Click for details Vip Mode..., 28 Click for details Vip Mode..., 27 Click for details Vip Mode..., 26 Click for details Vip Mode..., 25 Click for details Vip Mode..., 22 Click for details Vip Mode..., 29 Click for details Vip Mode..., 27 Click for details Vip Mode..., 25 Click for details Vip Mode..., 27 Click for details Vip Mode..., 25 Click for details Vip Mode..., 27 Click for details Vip Mode..., 22 Click for details Vip Mode..., 27 Comments Reviews Comments Add a comment Comment is awaiting moderation Reviews Add a review","Escort and hot girl Vip Model Tiana in Dubai","United Arab Emirates","Last modified: 06 Jun 2016","Los Angeles CA","Vip Model Tiana"
"BIO Category:Female Ethnic:Caucasian (white) Nationality:British Age:27 Eyes:Brown Hair:Black Hair Length:Long Height: 177 cm (5' 10 ) Smoker:Occasionally Drinking:Occasionally Languages: English Available for: Incall: Private apartment Outcall: Hotel and home visits Orientation:Bisexual Service for: Men Women Couples","LAURA AGUIAR 42 ANOS LOIRA GATA CHEINHA MULHER&Atilde;O COMPLETA SEM ENROLA&Ccedil;&Atilde;O vc ser&aacute; bem atendido sem frescura 250 tx incluso ligar manha ou tarde FONE 55 81-9901-7002 Services 69 Position Anal Sex Cum in Mouth Cum on Face Blowjob with Condom Blowjob without Condom Blowjob without Condom to Completion Ball Licking and Sucking Facesitting Gangbang Lingerie Cumshot on body (COB) Travel Rates & Conditions Travel Destinations No Travel Contact Base city: Recife  th  Phone: td  +558199017002 Phone instructions: No Withheld Numbers E-mail:  th  Web: td   www.lauraaguiar.webs.com Private message: Working time: Monday: 08:00 - 15:00 Tuesday: 00:00 - 00:00 Wednesday: 00:00 - 00:00 Thursday: 00:00 - 00:00 Friday: 00:00 - 00:00 Saturday: 00:00 - 00:00 Sunday: 00:00 - 00:00 Comments Reviews Comments Add a comment Comment is awaiting moderation Reviews Add a review","Escort and hot girl Vip Model Jenna in Dubai","United Arab Emirates","Last modified: 04 Jun 2016","Los Angeles CA, United States","Vip Model Jenna"
"BIO  th  Category: td  Female  th  Ethnic: td  Latin  th  Nationality: td  Brazilian  th  Age: td  43  th  Eyes: td  Brown  th  Hair: td  Blond  th  Pubic hair: td  Shaved mostly  th  Tattoo: td  No  th  Piercing: td  No Height: 170 cm (5' 7 ) Weight: 62 kg (136 lbs)  th  Cup size: td  C  th  Breast: td  Natural  th  Shoe size: td  37  th  Dress size: td  M  th  Smoker: td  No  th  Drinking: td  Occasionally Languages: Portuguese Available for: Outcall: Hotel visits only  th  Orientation: td  Heterosexual Service for: Men  th  Favorite Cuisine: td  churrasco  th  Favorite Drink: td  cerveja","Hey there guys! I love all things art and fashion, and I love to shop and make sure I look good at all times! I love to try new things and go new places. I enjoy meeting new people and getting to know their outlook on life,likes and dislikes. I have a very charming bubbly personality that welcomes all! Services 69 Position Cum on Face extra charge 2000.00 EUR (~2247 USD) Dildo Play Toys Kissing extra charge 60.00 USD Blowjob with Condom Blowjob without Condom extra charge 1000.00 USD Sex in Different Positions Deep Throat extra charge 200.00 EUR (~225 USD) Dirtytalk Facesitting Lingerie Masturbate Blowjob without Condom Swallow extra charge 1000.00 EUR (~1123 USD) Outdoor Sex extra charge 800.00 EUR (~899 USD) Striptease Lapdance Tantric Spanking (give) Spanking (receive) extra charge 200.00 EUR (~225 USD) Cumshot on body (COB) extra charge 100.00 EUR (~112 USD) Erotic massage Intimate massage Kissing if good chemistry Shower service extra charge 100.00 EUR (~112 USD) Handjob Fingering Footjob Private Video extra charge 1500.00 EUR (~1685 USD) Oral (receive) Rates Outcall 1 hour: 400 USD overnight : 1,500 USD additional hour : 200 USD dinner date : 700 USD weekend : 2,500 USD Travel Rates & Conditions Minimum Booking 1 hours Payment Method Cash Flight Reservation By Customer Travel Destinations Worldwide (including USA) Contact Base city: Philadelphia PA  th  Phone: td  +12673147756 Phone instructions: SMS and Call E-mail: Private message: Working time: Monday: 11:00 - 01:00 Tuesday: 11:00 - 01:00 Wednesday: 11:00 - 01:00 Thursday: 11:00 - 01:00 Friday: 11:00 - 01:00 Saturday: 11:00 - 01:00 Sunday: 11:00 - 01:00 Comments Reviews Comments Add a comment Comment is awaiting moderation Reviews Add a review","Escort and hot girl Atilina in Baltimore MD","Brazil","Last modified: 29 Oct 2014","Dubai","Laura Aguiar Coroa 42A"
"BIO  th  Category: td  Female  th  Ethnic: td  Mixed  th  Nationality: td  American  th  Age: td  23  th  Eyes: td  Brown  th  Hair: td  Black  th  Hair Length: td  Medium  th  Pubic hair: td  Shaved completely  th  Tattoo: td  Yes  th  Piercing: td  Yes Height: 155 cm (5' 1 ) Weight: 55 kg (121 lbs)  th  Bust-Waist-Hip: td  34-26-36  th  Cup size: td  B  th  Breast: td  Natural  th  Dress size: td  S  th  Smoker: td  No  th  Drinking: td  No  th  Characteristic: td  friendly,charming,outgoing,adventourous,spontaneous Languages: English Available for: Outcall: Hotel and home visits  th  Orientation: td  Heterosexual Service for: Men  th  Favorite Drink: td  strawberry Daq  th  Favorite Flower: td  lilac  th  Interests: td  art,fashion,home decor  th  Sports: td  gymnastics  th  Gifts: td  money,gift cards","Hello Gentlemen! My name is Atilina! I'm the perfect &acirc;&tilde;&dagger;choice for Funn!!! So call me.... I am available Right Now! A non-rushed, real, quality great time with a fun-loving&acirc;&Acirc;&Acirc;&Acirc;&curren; girl. I'm the one! I will never rush our time together, and I guarantee you will always want to come back. So if you are ready to appreciate a kind, sincere, beautiful, woman and have discriminating taste, then I am the one for you! Sensually yours, Atilina Contact Base city: Baltimore MD Phone: E-mail: Web: atilina.escortfiles.com Private message: Comments Reviews Comments Add a comment Comment is awaiting moderation Reviews Add a review","Escort and hot girl Vip Model Serina in Dubai","United States","Last modified: 20 Jun 2016","Dubai, United Arab Emirates","Brea"
"BIO Category:Female Ethnic:Latin Age:21 Eyes:Brown Hair:Brunette Height: 157 cm (5' 2 ) Cup size:C Languages: English Available for: Incall: Private apartment Outcall: Hotel and home visits Orientation:Heterosexual Service for: Men","We are an Elite Gentlemans`Companion, at the time located around the World (Dubai, Singapore, London, Paris, Milano, Berlin, New York, Abu Dhabi and World wide.) &ndash; but you can also meet us in almost every place in the world. We offer high class full-service of the most exquisite quality. Please take your time and enjoy your time on our site.&ldquo; An intellectually inspiring conversation can be as exciting as a physical experience&rdquo;. We love to share this experience with you. Alana gold is a high class agency for travel escorting, business escorting, boat partys and more&hellip; The ladys have a highgrade education. Alana Gold specializes in overnight stays, holidays, accompaniments, long bookings and dinner dates. Our models are all independent, extraordinary, wise,athletic, independent, and incredibly beautiful and sexy women. They know how they have to behave in the situations booked. A very small but selected range ofsuper high class models for every pleasant occasion. I wish you a very exciting experience and gold by Alana. Alana gold their &ldquo;personal assistant for fun and amusing society&ldquo;. Services 69 Position Anal Sex Cum in Mouth Cum on Face Dildo Play Toys French Kissing Girlfriend Experience (GFE) Kissing Blowjob with Condom Blowjob without Condom Blowjob without Condom to Completion Sex in Different Positions Ball Licking and Sucking Deep Throat Dirtytalk Double Penetration (DP) Extraball Facesitting Full Body Sensual Massage Gangbang Lingerie Prostate Massage Rimming (give) Rimming (receive) Striptease Lapdance Fetish Foot Fetish Golden Shower (give) Golden Shower (recieve) Leather Latex PVC Role Play and Fantasy Spanking (give) Cumshot on body (COB) Erotic massage Intimate massage Kissing if good chemistry Titjob Anal massage (give) Anal massage (receive) Shower service Whirlpool Swingersclub Sauna Handjob DUO Fingering Footjob Oral (receive) Rates Incall 1 hour: 4,000 AED (~1,089 USD) Outcall 1 hour: 4,000 AED (~1,089 USD) Travel Rates & Conditions Travel Destinations Europe only Contact Agency Alanagold Base city: Dubai Phone: Apps Available: WhatsApp Phone instructions: SMS and Call E-mail: Web: alana-gold.com  Private message: Working time I am available 24 7 See all escorts from Alanagold view type Click for details Vip Mode..., 24 Click for details Vip Mode..., 28 Click for details Vip Mode..., 27 Click for details Vip Mode..., 26 Click for details Vip Mode..., 25 Click for details Vip Mode..., 22 Click for details Vip Mode..., 29 Click for details Vip Mode..., 27 Click for details Vip Mode..., 25 Click for details Vip Mode..., 27 Click for details Vip Mode..., 25 Click for details Vip Mode..., 27 Click for details Vip Mode..., 22 Click for details Vip Mode..., 27 Comments Reviews Comments Add a comment Comment is awaiting moderation Reviews Add a review","Escort and hot girl Vip Model Celine in London","United States","Last modified: 19 Jan 2015","Dubai","Atilina"
"BIO Category:Female Ethnic:Caucasian (white) Age:28 Eyes:Brown Hair:Brunette Hair Length:Medium Height: 173 cm (5' 8 ) Smoker:Occasionally Drinking:Occasionally Languages: English Available for: Incall: Hotel room Outcall: Hotel and home visits Orientation:Bisexual Service for: Men Women Couples 2+","We are an Elite Gentlemans`Companion, at the time located around the World (Dubai, Singapore, London, Paris, Milano, Berlin, New York, Abu Dhabi and World wide.) &ndash; but you can also meet us in almost every place in the world. We offer high class full-service of the most exquisite quality. Please take your time and enjoy your time on our site.&ldquo; An intellectually inspiring conversation can be as exciting as a physical experience&rdquo;. We love to share this experience with you. Alana gold is a high class agency for travel escorting, business escorting, boat partys and more&hellip; The ladys have a highgrade education. Alana Gold specializes in overnight stays, holidays, accompaniments, long bookings and dinner dates. Our models are all independent, extraordinary, wise,athletic, independent, and incredibly beautiful and sexy women. They know how they have to behave in the situations booked. A very small but selected range ofsuper high class models for every pleasant occasion. I wish you a very exciting experience and gold by Alana. Alana gold their &ldquo;personal assistant for fun and amusing society&ldquo;. Services 69 Position French Kissing Girlfriend Experience (GFE) Kissing Blowjob with Condom Blowjob without Condom Sex in Different Positions Ball Licking and Sucking Deep Throat Double Penetration (DP) Extraball Facesitting Full Body Sensual Massage Lingerie Rimming (receive) Cumshot on body (COB) Erotic massage Kissing if good chemistry Handjob Rates Incall 1 hour: 600 GBP (~774 USD) additional hour : 400 GBP (~516 USD) Outcall 1 hour: 600 GBP (~774 USD) additional hour : 400 GBP (~516 USD) Travel Rates & Conditions Travel Destinations Europe only Contact Agency Alanagold Base city: London Phone: Apps Available: WhatsApp Phone instructions: SMS and Call E-mail: Web: alana-gold.com  Private message: Working time I am available 24 7 See all escorts from Alanagold view type Click for details Vip Mode..., 24 Click for details Vip Mode..., 28 Click for details Vip Mode..., 27 Click for details Vip Mode..., 26 Click for details Vip Mode..., 25 Click for details Vip Mode..., 22 Click for details Vip Mode..., 29 Click for details Vip Mode..., 27 Click for details Vip Mode..., 25 Click for details Vip Mode..., 27 Click for details Vip Mode..., 25 Click for details Vip Mode..., 27 Click for details Vip Mode..., 22 Click for details Vip Mode..., 20 Comments Reviews Comments Add a comment Comment is awaiting moderation Reviews Add a review","Escort and hot girl Diana in Donezk","United Arab Emirates","Last modified: 13 Nov 2015","Dubai, United Arab Emirates","Vip Model Serina"
"BIO Category:Female Ethnic:Caucasian (white) Age:27 Eyes:Green Hair:Brunette Hair Length:Very Long Height: 173 cm (5' 8 ) Smoker:Occasionally Drinking:Occasionally Languages: English Available for: Incall: Private apartment Outcall: Hotel and home visits Orientation:Heterosexual Service for: Men","Hello to you, that decided to take a moment to check out who I am. My name is Mafalda... I am 22 years old, tall a 1,74, brunnete, with big brown eyes and a very beautiful escort with fully kissable pink lips. I am confident, charming and a independent escort with female sensuality. I am the perfect girlfriend with a very sweet and docile attitude that will delight you. And I am also the perfect Female fatale that will tease you and rock your world. You can also make your fantasies come true just let me know what are your wishes. I am what you always wished for and so much more. I only do outcalls to hotels, so all of our encounters will always start in your hotel room. However, we can either stay in the room or go out for some luxurious dinner date or an event. I will enjoy a lot to get to know you intimately and to provide you a truly passionate encounter. With a lot of amazing and memorable moments. So if you are seeking to have all of your fantasies accomplished. Or if you just want to relax with a sensual girl that happens to be a fabulous company. Call me. I am just one phone call away. Xoxo Mafalda Services 69 Position Anal Sex Cum in Mouth Cum on Face Dildo Play Toys French Kissing Girlfriend Experience (GFE) Kissing Blowjob with Condom Blowjob without Condom Blowjob without Condom to Completion Sex in Different Positions Ball Licking and Sucking Deep Throat Dirtytalk Extraball Facesitting Full Body Sensual Massage Kamasutra Lesbian Sex Games Lingerie Masturbate Blowjob without Condom Swallow Pornstar Experience (PSE) Prostate Massage Rimming (give) Rimming (receive) Snowballing Striptease Lapdance Tantric BDSM Bondage Fetish Foot Fetish Golden Shower (give) Mistress (soft) Role Play and Fantasy Spanking (give) Strap on Cumshot on body (COB) Erotic massage Intimate massage Kissing if good chemistry Titjob Anal massage (give) Anal massage (receive) Shower service Scat (give) Handjob DUO Fingering Trampling Footjob Oral (receive) Quickie Costumes uniforms Rates Outcall 1 hour: 200 EUR (~223 USD) 2 hours: 350 EUR (~391 USD) Travel Rates & Conditions Travel Destinations Europe only Contact Base city: Porto Available in: Braga  th  Phone: td  +351919545254 Phone instructions: SMS and Call E-mail:  th  Web: td   escortportomafaldaborges.escortbook.com  Private message: Working time I am available 24 7 Comments Reviews Comments Add a comment Comment is awaiting moderation Reviews Add a review","Escort and hot girl Vip Model Lena in Dubai","United Kingdom","Last modified: 04 Jun 2016","Recife, Brazil","Vip Model Celine"
"BIO  th  Category: td  Female  th  Ethnic: td  Caucasian (white)  th  Nationality: td  Portuguese  th  Age: td  22  th  Eyes: td  Brown  th  Hair: td  Brunette  th  Hair Length: td  Long  th  Pubic hair: td  Shaved completely  th  Tattoo: td  No  th  Piercing: td  No Height: 174 cm (5' 9 ) Weight: 60 kg (132 lbs)  th  Bust-Waist-Hip: td  96-65-94  th  Cup size: td  C  th  Breast: td  Natural  th  Shoe size: td  38  th  Dress size: td  M  th  Smoker: td  No  th  Drinking: td  Occasionally Languages: English Spanish Portuguese Available for: Outcall: Hotel visits only  th  Orientation: td  Bisexual Service for: Men Women Couples  th  Favorite Cuisine: td  Italian  th  Favorite Drink: td  Moet chandon  th  Favorite Flower: td  tulips  th  Favorite Perfume: td  Chanel  th  Sports: td  Gym  th  Other Hobbies: td  Music, have fun","DO YOU WISH TO SEE MORE PHOTOS OF THIS MODEL  JUST SEND US A MESSAGE! Services Anal Sex Cum in Mouth Cum on Face French Kissing Girlfriend Experience (GFE) Kissing Blowjob with Condom Blowjob without Condom Blowjob without Condom to Completion Sex in Different Positions Extraball Cumshot on body (COB) Erotic massage Handjob Additional: DATY Rates Incall 1 hour: 150 USD 3 hours: 300 USD 10 hours: 500 USD 24 hours: 700 USD 2 days: 1,200 USD 3 days: 1,600 USD 4 days: 1,950 USD 5 days: 2,300 USD 6 days: 2,650 USD 7 days: 2,950 USD Outcall 1 hour: 150 USD 3 hours: 300 USD 10 hours: 500 USD 1 days: 700 USD 2 days: 1,200 USD 3 days: 1,600 USD 4 days: 1,950 USD 5 days: 2,300 USD 6 days: 2,650 USD 7 days: 2,950 USD All services are included in this price.   1 day means up to 24 hours    + cab fare 50 Griwna Payment: Down payment travel expenses PLUS $150 DEPOSIT for 1 day bookings, travel expenses PLUS $250 DEPOSIT for 2 day bookings, travel expenses PLUS $300 DEPOSIT for 3 days or more bookings . A deposit of 50% is required if you prefer to purchase the ticket and to send us an e-ticket For reservations in Kiev: For dates in Kiev ODESSA LVOV we have a travel flat rate of $175 within Ukraine. Travel Rates & Conditions Minimum Booking 1 hours Travel Destinations Europe only Contact Agency Devushki1 Base city: Donezk Available in: Kiev, Odessa, Lviv Phone: Other phone instructions:SMS and text only E-mail: Web: www.devushkione.com diana.html Private message: Working time I am available 24 7 See all escorts from Devushki1 view type Click for details Vanessa, 24 Click for details Darya, 27 Click for details Vika, 23 Click for details Carolina, 28 Click for details Luisa, 29 Click for details Jana, 20 Click for details Elvira, 19 Click for details Elen, 31 Click for details Katya, 22 Click for details Dana, 26 Click for details Anya, 22 Click for details Sonya, 23 Click for details Mila, 24 Click for details Lina, 29 Comments Reviews Comments Add a comment Comment is awaiting moderation Reviews Add a review","Escort and hot girl davina in Philadelphia PA","Portugal","Last modified: 16 Mar 2016","Philadelphia PA, United States","Mafaldinha"
"My natural pic  a rel= lightbox-atomium  href= http:  pic2.escortdirectory.com escortdirectory.com 38 128 natural-pics 211952a648ff2e961bcd4d3226e78381_orig.jpg    BIO  th  Category: td  Female  th  Ethnic: td  Caucasian (white)  th  Nationality: td  Ukrainian  th  Age: td  20  th  Eyes: td  Brown  th  Hair: td  Brunette  th  Hair Length: td  Long  th  Tattoo: td  No  th  Piercing: td  No Height: 163 cm (5' 4 ) Weight: 51 kg (112 lbs)  th  Cup size: td  B  th  Breast: td  Natural  th  Dress size: td  M  th  Smoker: td  No  th  Drinking: td  Occasionally Languages: English Available for: Outcall: Hotel and home visits  th  Orientation: td  Heterosexual Service for: Men  th  Favorite Drink: td  Martini  th  Favorite Perfume: td  Dior  th  Interests: td  Travels  th  Sports: td  Fitness","hi there looking for some hot steamy fun!!then look no where else but here.i am nothing more than an object of great value &ndash; an instrument to be used by you for your pleasures.no time wasters i am very professional please me to please you.email me serious man only!!! Services 69 Position Anal Sex Cum in Mouth Cum on Face Ball Licking and Sucking Deep Throat Dirtytalk Double Penetration (DP) Fisting Full Body Sensual Massage Gangbang Kamasutra Cumshot on body (COB) Erotic massage Intimate massage Kissing if good chemistry Handjob Travel Rates & Conditions Payment Method Cash Flight Reservation By Customer Contact Base city: Philadelphia PA Phone: Apps Available: Phone instructions: SMS only E-mail: Private message: Working time I am available 24 7 Comments Reviews Comments Add a comment Comment is awaiting moderation Reviews Add a review","Escort and hot girl Vip Model Moni in Dubai","United States","Last modified: 22 Mar 2016","Baltimore MD","Yulia Star"
"young, sexy girl BIO Category:Female Ethnic:Caucasian (white) Age:19 Hair:Light brown Hair Length:Long Height: 165 cm (5' 5 ) Languages: English Turkish Available for: Incall Outcall: Hotel and home visits Orientation:Heterosexual Service for: Men Home City: Donezk (Ukraine)","We are an Elite Gentlemans`Companion, at the time located around the World (Dubai, Singapore, London, Paris, Milano, Berlin, New York, Abu Dhabi and World wide.) &ndash; but you can also meet us in almost every place in the world. We offer high class full-service of the most exquisite quality. Please take your time and enjoy your time on our site.&ldquo; An intellectually inspiring conversation can be as exciting as a physical experience&rdquo;. We love to share this experience with you. Alana gold is a high class agency for travel escorting, business escorting, boat partys and more&hellip; The ladys have a highgrade education. Alana Gold specializes in overnight stays, holidays, accompaniments, long bookings and dinner dates. Our models are all independent, extraordinary, wise,athletic, independent, and incredibly beautiful and sexy women. They know how they have to behave in the situations booked. A very small but selected range ofsuper high class models for every pleasant occasion. I wish you a very exciting experience and gold by Alana. Alana gold their &ldquo;personal assistant for fun and amusing society&ldquo;. Services 69 Position French Kissing Girlfriend Experience (GFE) Kissing Blowjob with Condom Blowjob without Condom Sex in Different Positions Facesitting Lingerie Cumshot on body (COB) Erotic massage Intimate massage Kissing if good chemistry Handjob Rates Incall 1 hour: 3,000 AED (~817 USD) Outcall 1 hour: 3,000 AED (~817 USD) Travel Rates & Conditions Travel Destinations Europe only Contact Agency Alanagold Base city: Dubai Phone: Apps Available: WhatsApp Phone instructions: SMS and Call E-mail: Web: alana-gold.com  Private message: Working time I am available 24 7 See all escorts from Alanagold view type Click for details Vip Mode..., 24 Click for details Vip Mode..., 28 Click for details Vip Mode..., 27 Click for details Vip Mode..., 26 Click for details Vip Mode..., 25 Click for details Vip Mode..., 22 Click for details Vip Mode..., 29 Click for details Vip Mode..., 27 Click for details Vip Mode..., 25 Click for details Vip Mode..., 27 Click for details Vip Mode..., 25 Click for details Vip Mode..., 27 Click for details Vip Mode..., 22 Click for details Vip Mode..., 27 Comments Reviews Comments Add a comment Comment is awaiting moderation Reviews Add a review","Escort and hot girl Vip Model Bella in Dubai","Ukraine","Last modified: 28 Apr 2016","Baltimore MD, United States","Diana"
"BIO  th  Category: td  Female  th  Ethnic: td  Caucasian (white)  th  Nationality: td  Ukrainian  th  Age: td  18  th  Eyes: td  Brown  th  Hair: td  Black  th  Hair Length: td  Medium  th  Pubic hair: td  Shaved completely  th  Tattoo: td  Yes  th  Piercing: td  No Height: 160 cm (5' 3 ) Weight: 44 kg (97 lbs)  th  Bust-Waist-Hip: td  86-58-87  th  Cup size: td  A  th  Breast: td  Natural  th  Shoe size: td  37  th  Dress size: td  XS  th  Smoker: td  Occasionally  th  Drinking: td  Occasionally Languages: Russian English Available for: Outcall: Hotel and home visits  th  Orientation: td  Bisexual Service for: Men  th  Favorite Cuisine: td  French  th  Favorite Drink: td  Red wine  th  Favorite Flower: td  Tulip  th  Interests: td  Travel, Music, Cinema  th  Sports: td  Pole-dance","We are an Elite Gentlemans`Companion, at the time located around the World (Dubai, Singapore, London, Paris, Milano, Berlin, New York, Abu Dhabi and World wide.) &ndash; but you can also meet us in almost every place in the world. We offer high class full-service of the most exquisite quality. Please take your time and enjoy your time on our site.&ldquo; An intellectually inspiring conversation can be as exciting as a physical experience&rdquo;. We love to share this experience with you. Alana gold is a high class agency for travel escorting, business escorting, boat partys and more&hellip; The ladys have a highgrade education. Alana Gold specializes in overnight stays, holidays, accompaniments, long bookings and dinner dates. Our models are all independent, extraordinary, wise,athletic, independent, and incredibly beautiful and sexy women. They know how they have to behave in the situations booked. A very small but selected range ofsuper high class models for every pleasant occasion. I wish you a very exciting experience and gold by Alana. Alana gold their &ldquo;personal assistant for fun and amusing society&ldquo;. Services 69 Position Cum in Mouth French Kissing Girlfriend Experience (GFE) Kissing Blowjob with Condom Blowjob without Condom Sex in Different Positions Ball Licking and Sucking Deep Throat Lingerie Rimming (receive) Cumshot on body (COB) Erotic massage Intimate massage Kissing if good chemistry Titjob Handjob Oral (receive) Rates Incall 1 hour: 4,000 AED (~1,089 USD) Outcall 1 hour: 4,000 AED (~1,089 USD) Travel Rates & Conditions Travel Destinations Europe only Contact Agency Alanagold Base city: Dubai Phone: Apps Available: WhatsApp Phone instructions: SMS and Call E-mail: Web: alana-gold.com  Private message: Working time I am available 24 7 See all escorts from Alanagold view type Click for details Vip Mode..., 24 Click for details Vip Mode..., 28 Click for details Vip Mode..., 27 Click for details Vip Mode..., 26 Click for details Vip Mode..., 25 Click for details Vip Mode..., 22 Click for details Vip Mode..., 29 Click for details Vip Mode..., 27 Click for details Vip Mode..., 25 Click for details Vip Mode..., 27 Click for details Vip Mode..., 25 Click for details Vip Mode..., 27 Click for details Vip Mode..., 22 Click for details Vip Mode..., 27 Comments Reviews Comments Add a comment Comment is awaiting moderation Reviews Add a review","Escort and hot girl Vip Model Charlie in Milan","Ukraine","Last modified: 23 Jun 2016","Dubai","Nika"
"BIO Category:Female Ethnic:Caucasian (white) Nationality:German Age:27 Eyes:Blue Hair:Blond Hair Length:Long Tattoo:No Piercing:No Height: 175 cm (5' 9 ) Smoker:No Drinking:No Languages: English Available for: Outcall: Hotel and home visits Orientation:Bisexual Service for: Men Women Couples Keywords : VIP Companion Model  Ex-model","Vip Model Charlie is a famous Model arround the world she like to travel and her company you will enjoy. she is working everywhere in any country for longbookings and overnight. duo with Vip Model Donna. Charie offer a full service. Services 69 Position Anal Sex Cum in Mouth Cum on Face Dildo Play Toys French Kissing Girlfriend Experience (GFE) Kissing Blowjob with Condom Blowjob without Condom Blowjob without Condom to Completion Sex in Different Positions Ball Licking and Sucking Deep Throat Dirtytalk Double Penetration (DP) Extraball Facesitting Full Body Sensual Massage Lesbian Sex Games Lingerie Masturbate Rimming (receive) Striptease Lapdance Golden Shower (give) Cumshot on body (COB) Erotic massage Intimate massage Kissing if good chemistry Titjob Whirlpool Handjob DUO Footjob Rates Incall 1 hour: 600 EUR (~674 USD) additional hour : 400 EUR (~449 USD) Outcall 1 hour: 600 EUR (~674 USD) additional hour : 400 EUR (~449 USD) Travel Rates & Conditions Travel Destinations Europe only Contact Agency Alanagold Base city: Milan Phone: Apps Available: WhatsApp Phone instructions: SMS and Call E-mail: Web: alana-gold.com  Private message: Working time I am available 24 7 See all escorts from Alanagold view type Click for details Vip Mode..., 24 Click for details Vip Mode..., 28 Click for details Vip Mode..., 27 Click for details Vip Mode..., 26 Click for details Vip Mode..., 25 Click for details Vip Mode..., 22 Click for details Vip Mode..., 29 Click for details Vip Mode..., 27 Click for details Vip Mode..., 25 Click for details Vip Mode..., 27 Click for details Vip Mode..., 25 Click for details Vip Mode..., 27 Click for details Vip Mode..., 22 Click for details Vip Mode..., 27 Comments Reviews Comments Add a comment Comment is awaiting moderation Reviews Add a review","Escort and hot girl Vip Model Francesca in Milan","United Arab Emirates","Last modified: 22 May 2016","Dubai, United Arab Emirates","Vip Model Lena"
"BIO Category:Female Ethnic:Mixed Nationality:American Age:23 Eyes:Brown Hair:Black Hair Length:Long Pubic hair:Shaved mostly Tattoo:Yes Piercing:Yes Height: 161 cm (5' 3 ) Weight: 40 kg (88 lbs) Cup size:DD Breast:Natural Shoe size:34 Dress size:M Drinking:Yes Characteristic:lovinh Languages: English Orientation:Heterosexual Service for: Men Favorite Cuisine:mexican Favorite Drink:moet Favorite Flower:red roses Favorite Perfume:one million Favorite Designer   Brand:gucci, Interests:reading,runinng .hiking Sports:basketball Gifts:nice watch","VIP Model Francesca is a model for certain events. She loves Dinner Date, Long Booking, overnight on the Maldives, Bora Bora, Bahamas, Hawaii, Los Angeles, San Francisco, New York, London, Dubai, Abu Dhabi, Seychelles, Mauritius, Singapore, Paris, Milan, Roma, Oman, Miami, Monaco, Mumbai, Tokyo, Cape Town.The reservations should be discussed in advance.It is a model that they will never forget. Incredibly memorable and harmonious in every respect to VIP Model Francesca bring a little attention then we recommend Gucci, Agent Provocateur, Bottega Veneta, Christian Louboutin, Stella McCartney, Valentino, Hermes, Chanel, Fendi, Prada, Burberry, Jimmy Choo, Roberto Cavalli and much more&hellip;These are a few suggestions. Yachts and private jets, first class and business class are always welcome, they will be impressive by their pleasant demeanor. Alana Gold wishes them an incredible experience with VIP Model Francesca Services 69 Position Cum in Mouth Cum on Face Dildo Play Toys French Kissing Girlfriend Experience (GFE) Kissing Blowjob with Condom Blowjob without Condom Blowjob without Condom to Completion Sex in Different Positions Ball Licking and Sucking Deep Throat Double Penetration (DP) Extraball Facesitting Full Body Sensual Massage Lesbian Sex Games Lingerie Masturbate Striptease Lapdance Cumshot on body (COB) Erotic massage Intimate massage Kissing if good chemistry Handjob Rates Incall 1 hour: 600 EUR (~674 USD) Outcall 1 hour: 600 EUR (~674 USD) Travel Rates & Conditions Travel Destinations Europe only Contact Agency Alanagold Base city: Milan Phone: Apps Available: WhatsApp Phone instructions: SMS and Call E-mail: Web: alana-gold.com  Private message: Working time I am available 24 7 See all escorts from Alanagold view type Click for details Vip Mode..., 24 Click for details Vip Mode..., 28 Click for details Vip Mode..., 27 Click for details Vip Mode..., 26 Click for details Vip Mode..., 25 Click for details Vip Mode..., 22 Click for details Vip Mode..., 29 Click for details Vip Mode..., 27 Click for details Vip Mode..., 25 Click for details Vip Mode..., 27 Click for details Vip Mode..., 27 Click for details Vip Mode..., 22 Click for details Vip Mode..., 27 Click for details Vip Mode..., 20 Comments Reviews Comments Add a comment Comment is awaiting moderation Reviews Add a review","Escort and hot girl Alina in Donezk","Belgium","Last modified: 12 Sep 2016","London","Vanessa_RS"
"BIO Category:Female Ethnic:Caucasian (white) Age:23 Eyes:Brown Hair:Brunette Hair Length:Long Height: 170 cm (5' 7 ) Smoker:Occasionally Drinking:Occasionally Languages: English Available for: Incall: Hotel room Outcall: Hotel and home visits Orientation:Bisexual Service for: Men","Are you longing for the companionship of a gorgeous high class escort that can offer you more than just her body  Then you should book me for a date! Our time together can vary, form taking a romantic walk together, or having dinner and a movie, to going into a relaxing city break, or pampering at a spa! There are no limitation to what we can do when we meet. Just imagine your perfect girlfriend experience and let&rsquo;s make it happen! I am here for you! Give me a call and let&rsquo;s set up a date! Services Anal Sex Cum in Mouth Cum on Face French Kissing Blowjob with Condom Blowjob without Condom Blowjob without Condom to Completion Sex in Different Positions Extraball Cumshot on body (COB) Erotic massage Handjob Additional: DATY Rates Incall 1 hour: 150 USD 3 hours: 300 USD 10 hours: 500 USD 24 hours: 700 USD 2 days: 1,200 USD 3 days: 1,600 USD 4 days: 1,950 USD 5 days: 2,300 USD 6 days: 2,650 USD 7 days: 2,950 USD Outcall 1 hour: 150 USD 3 hours: 300 USD 10 hours: 500 USD 1 days: 700 USD 2 days: 1,200 USD 3 days: 1,600 USD 4 days: 1,950 USD 5 days: 2,300 USD 6 days: 2,650 USD 7 days: 2,950 USD All services are included in this price.   1 day means up to 24 hours    + cab fare 50 Griwna Payment: Down payment travel expenses PLUS $150 DEPOSIT for 1 day bookings, travel expenses PLUS $250 DEPOSIT for 2 day bookings, travel expenses PLUS $300 DEPOSIT for 3 days or more bookings . A deposit of 50% is required if you prefer to purchase the ticket and to send us an e-ticket For reservations in Kiev: For dates in Kiev ODESSA LVOV we have a travel flat rate of $175 within Ukraine. Travel Rates & Conditions Minimum Booking 1 hours Travel Destinations Europe only Contact Agency Devushki1 Base city: Donezk Available in: Kiev, Odessa, Lviv Phone: Other phone instructions:SMS and text only E-mail: Web: www.devushkione.com alina.html Private message: Working time I am available 24 7 See all escorts from Devushki1 view type Click for details Vanessa, 24 Click for details Darya, 27 Click for details Vika, 23 Click for details Carolina, 28 Click for details Luisa, 29 Click for details Jana, 20 Click for details Elvira, 19 Click for details Diana, 19 Click for details Elen, 31 Click for details Katya, 22 Click for details Dana, 26 Click for details Anya, 22 Click for details Sonya, 23 Click for details Mila, 24 Comments Reviews Comments Add a comment Comment is awaiting moderation Reviews Add a review","Escort and hot girl Vip Model Kelly in Abu Dhabi","United States","Last modified: 19 Jan 2016","London, United Kingdom","davina"
"BIO Category:Female Ethnic:Caucasian (white) Age:28 Eyes:Brown Hair:Brunette Hair Length:Long Height: 168 cm (5' 6 ) Smoker:Occasionally Drinking:Occasionally Languages: English Available for: Incall: Private apartment Outcall: Hotel and home visits Orientation:Heterosexual Service for: Men","VIP Model Kelly is a model for certain events. She loves Dinner Date, Long Booking, overnight on the Maldives, Bora Bora, Bahamas, Hawaii, Los Angeles, San Francisco, New York, London, Dubai, Abu Dhabi, Seychelles, Mauritius, Singapore, Paris, Milan, Roma, Oman, Miami, Monaco, Mumbai, Tokyo, Cape Town.The reservations should be discussed in advance. It is a model that they will never forget. Incredibly memorable and harmonious in every respect to VIP Model Kelly bring a little attention then we recommend Gucci, Agent Provocateur, Bottega Veneta, Christian Louboutin, Stella McCartney, Valentino, Hermes, Chanel, Fendi, Prada, Burberry, Jimmy Choo, Roberto Cavalli and much more&hellip;These are a few suggestions. Yachts and private jets, first class and business class are always welcome, they will be impressive by their pleasant demeanor. Alana Gold wishes them an incredible experience with VIP Model Kelly. Services 69 Position Cum in Mouth Cum on Face French Kissing Girlfriend Experience (GFE) Kissing Blowjob with Condom Blowjob without Condom Sex in Different Positions Ball Licking and Sucking Deep Throat Dirtytalk Double Penetration (DP) Extraball Facesitting Full Body Sensual Massage Lesbian Sex Games Lingerie Masturbate Rimming (receive) Striptease Lapdance Erotic massage Kissing if good chemistry Handjob DUO Rates Incall 1 hour: 3,500 AED (~953 USD) Outcall 1 hour: 3,500 AED (~953 USD) Travel Rates & Conditions Travel Destinations Europe only Contact Agency Alanagold Base city: Abu Dhabi Phone: Apps Available: WhatsApp Phone instructions: SMS and Call E-mail: Web: alana-gold.com  Private message: Working time I am available 24 7 See all escorts from Alanagold view type Click for details Vip Mode..., 24 Click for details Vip Mode..., 28 Click for details Vip Mode..., 27 Click for details Vip Mode..., 26 Click for details Vip Mode..., 25 Click for details Vip Mode..., 22 Click for details Vip Mode..., 29 Click for details Vip Mode..., 27 Click for details Vip Mode..., 25 Click for details Vip Mode..., 25 Click for details Vip Mode..., 27 Click for details Vip Mode..., 22 Click for details Vip Mode..., 27 Click for details Vip Mode..., 20 Comments Reviews Comments Add a comment Comment is awaiting moderation Reviews Add a review","Escort and hot girl Vip Model Tiana in Manhattan NY","United Arab Emirates","Last modified: 13 Nov 2015","Porto, Portugal","Vip Model Moni"
"BIO Category:Female Ethnic:Caucasian (white) Nationality:Italian Age:24 Eyes:Brown Hair:Brunette Hair Length:Long Tattoo:No Piercing:No Height: 170 cm (5' 7 ) Smoker:Occasionally Drinking:Occasionally Languages: English Available for: Incall: Private apartment Outcall: Hotel and home visits Orientation:Bisexual Service for: Men Women Couples","Sexy and Beautiful Young Asian Girl that will fulfill your every fantasy and desire. Services 69 Position Cum in Mouth Cum on Face Dildo Play Toys French Kissing Girlfriend Experience (GFE) Kissing Blowjob without Condom to Completion Sex in Different Positions Ball Licking and Sucking Deep Throat Facesitting Masturbate Blowjob without Condom Swallow Golden Shower (give) Golden Shower (recieve) Strap on Cumshot on body (COB) Erotic massage Intimate massage Kissing if good chemistry Anal massage (give) Shower service Intimate shaving Rates Incall 1 hour: 350 USD 90 minutes: 450 USD 2 hours: 550 USD Outcall 1 hour: 400 USD 90 minutes: 500 USD 2 hours: 600 USD Travel Rates & Conditions Minimum Booking 1 hours Travel Destinations No Travel Contact Base city: 91423 Los Angeles CA  th  Phone: td  +1818 384 4934 Phone instructions: SMS only E-mail: Private message: Working time I am available 24 7 Comments Reviews Comments Add a comment Comment is awaiting moderation Reviews Add a review","Escort and hot girl Vip Model Valentina in London","United Arab Emirates","Last modified: 13 Nov 2015","Los Angeles CA, United States","Vip Model Bella"
"BIO Category:Female Ethnic:Caucasian (white) Nationality:Italian Age:25 Eyes:Green Hair:Blond Hair Length:Long Tattoo:Yes Piercing:No Height: 175 cm (5' 9 ) Weight: 55 kg (121 lbs) Smoker:No Drinking:Occasionally Languages: English Available for: Incall: Private apartment Outcall: Hotel and home visits Orientation:Bisexual Service for: Men Women Couples","Exclusive VIP Model Tiana is a model for certain events. She loves Dinner Date, Long Booking, overnight on the Maldives, Bora Bora, Bahamas, Hawaii, Los Angeles, San Francisco, New York, London, Dubai, Abu Dhabi, Seychelles, Mauritius, Singapore, Paris, Milan, Roma, Oman, Miami, Monaco, Mumbai, Tokyo, Cape Town.The reservations should be discussed in advance. It is a model that they will never forget.Incredibly memorable and harmonious in every respect to Exclusive VIP Model Tiana bring a little attention then we recommend Gucci, Agent Provocateur, Bottega Veneta, Christian Louboutin, Stella McCartney, Valentino, Hermes, Chanel, Fendi, Prada, Burberry, Jimmy Choo, Roberto Cavalli and much more&hellip;These are a few suggestions. Yachts and private jets, first class and business class are always welcome, they will be impressive by their pleasant demeanor.Alana Gold wishes them an incredible experience with Exclusive VIP Model Tiana.She is a very sweet, young girl.open minded Services 69 Position Cum in Mouth Cum on Face Dildo Play Toys French Kissing Girlfriend Experience (GFE) Kissing Blowjob with Condom Blowjob without Condom Sex in Different Positions Ball Licking and Sucking Deep Throat Dirtytalk Double Penetration (DP) Extraball Facesitting Fisting Full Body Sensual Massage Gangbang Lingerie Masturbate Outdoor Sex Rimming (receive) Snowballing Striptease Lapdance Foot Fetish Golden Shower (give) Cumshot on body (COB) Erotic massage Intimate massage Kissing if good chemistry Titjob Shower service Whirlpool Handjob DUO Fingering Footjob Quickie Rates Incall 1 hour: 1,500 USD additional hour : 1,000 USD Outcall 1 hour: 1,500 USD additional hour : 1,000 USD Travel Rates & Conditions Travel Destinations Worldwide (including USA) Contact Agency Alanagold Base city: Manhattan NY Phone: Apps Available: WhatsApp Phone instructions: SMS and Call E-mail: Web: alana-gold.com  Private message: Working time I am available 24 7 See all escorts from Alanagold view type Click for details Vip Mode..., 28 Click for details Vip Mode..., 27 Click for details Vip Mode..., 26 Click for details Vip Mode..., 25 Click for details Vip Mode..., 22 Click for details Vip Mode..., 29 Click for details Vip Mode..., 27 Click for details Vip Mode..., 25 Click for details Vip Mode..., 27 Click for details Vip Mode..., 25 Click for details Vip Mode..., 27 Click for details Vip Mode..., 25 Click for details Vip Mode..., 27 Click for details Vip Mode..., 20 Comments Reviews Comments Add a comment Comment is awaiting moderation Reviews Add a review","Escort and hot girl Vip Model Francesca in Manhattan NY","Italy","Last modified: 04 Jun 2016","Donezk","Vip Model Charlie"
"A beautiful dreamgirl BIO Category:Female Ethnic:Caucasian (white) Age:24 Hair:Black Hair Length:Long Height: 171 cm (5' 7 ) Languages: English Available for: Incall Outcall: Hotel and home visits Orientation:Heterosexual Service for: Men","VIP Model Francesca is a model for certain events. She loves Dinner Date, Long Booking, overnight on the Maldives, Bora Bora, Bahamas, Hawaii, Los Angeles, San Francisco, New York, London, Dubai, Abu Dhabi, Seychelles, Mauritius, Singapore, Paris, Milan, Roma, Oman, Miami, Monaco, Mumbai, Tokyo, Cape Town.The reservations should be discussed in advance.It is a model that they will never forget. Incredibly memorable and harmonious in every respect to VIP Model Francesca bring a little attention then we recommend Gucci, Agent Provocateur, Bottega Veneta, Christian Louboutin, Stella McCartney, Valentino, Hermes, Chanel, Fendi, Prada, Burberry, Jimmy Choo, Roberto Cavalli and much more&hellip;These are a few suggestions. Yachts and private jets, first class and business class are always welcome, they will be impressive by their pleasant demeanor. Alana Gold wishes them an incredible experience with VIP Model Francesca. Services 69 Position Cum in Mouth Cum on Face Dildo Play Toys French Kissing Girlfriend Experience (GFE) Kissing Blowjob with Condom Blowjob without Condom Sex in Different Positions Ball Licking and Sucking Deep Throat Dirtytalk Double Penetration (DP) Extraball Facesitting Full Body Sensual Massage Lesbian Sex Games Lingerie Masturbate Rimming (receive) Snowballing Striptease Lapdance Cumshot on body (COB) Erotic massage Intimate massage Kissing if good chemistry Titjob Handjob DUO Rates Incall 1 hour: 1,500 USD Outcall 1 hour: 1,500 USD Travel Rates & Conditions Travel Destinations Worldwide (including USA) Contact Agency Alanagold Base city: Manhattan NY Available in: New York City NY Phone: Apps Available: WhatsApp Phone instructions: SMS and Call E-mail: Web: alana-gold.com  Private message: Working time I am available 24 7 See all escorts from Alanagold view type Click for details Vip Mode..., 24 Click for details Vip Mode..., 28 Click for details Vip Mode..., 27 Click for details Vip Mode..., 26 Click for details Vip Mode..., 25 Click for details Vip Mode..., 22 Click for details Vip Mode..., 29 Click for details Vip Mode..., 27 Click for details Vip Mode..., 27 Click for details Vip Mode..., 25 Click for details Vip Mode..., 27 Click for details Vip Mode..., 22 Click for details Vip Mode..., 27 Click for details Vip Mode..., 20 Comments Reviews Comments Add a comment Comment is awaiting moderation Reviews Add a review","Escort and hot girl Natasha in Ankara","Italy","Last modified: 01 May 2016","Donezk, Ukraine","Vip Model Francesca"
"BIO Category:Female Ethnic:Caucasian (white) Nationality:Swedish Age:27 Eyes:Green Hair:Blond Hair Length:Long Height: 173 cm (5' 8 ) Smoker:No Languages: English Available for: Incall: Hotel room Outcall: Hotel and home visits Orientation:Bisexual Service for: Men Women Couples","Hi,I'm an open minded and pretty girl from Ankara. I'm 25 years old and serving gentelmen in Ankara. Enjoyable experience with exotic and elegant lady. Please call for the date and for the rates. If i am not answering your call please send me sms or e-mail. I will reply you as soon as possible. Best regards.. Call: +90537 988 06 84 Services French Kissing Girlfriend Experience (GFE) Kissing Blowjob with Condom Blowjob without Condom Sex in Different Positions Erotic massage Rates Incall 1 hour: 100 EUR (~111 USD) additional hour : 50 EUR (~55 USD) Outcall 1 hour: 100 EUR (~111 USD) additional hour : 50 EUR (~55 USD) Travel Rates & Conditions Payment Method Cash Travel Destinations No Travel Contact Base city: 06650 Ankara Phone: Apps Available: WhatsApp   Phone instructions: SMS and Call E-mail: Web: sweetcandy06.escortbook.com Private message: Working time I am available 24 7 Comments Reviews Comments Add a comment Comment is awaiting moderation Reviews Add a review","Escort and hot girl Vip Model Pearl in London","Ukraine","Last modified: 16 Apr 2016","Kiev, Ukraine","Alina"
"BIO  th  Category: td  Female  th  Ethnic: td  Caucasian (white)  th  Nationality: td  American  th  Age: td  39  th  Eyes: td  Blue  th  Hair: td  Blond  th  Hair Length: td  Medium  th  Pubic hair: td  Trimmed  th  Tattoo: td  No  th  Piercing: td  No  th  Bust-Waist-Hip: td  34-26-37  th  Cup size: td  D  th  Breast: td  Silicone  th  Dress size: td  S  th  Smoker: td  No  th  Drinking: td  Occasionally  th  Characteristic: td  Great Smile, Love to Laugh Languages: English Available for: Incall: Hotel room Outcall: Hotel and home visits  th  Orientation: td  Heterosexual Service for: Men Couples  th  Favorite Cuisine: td  Italian, Asian  th  Favorite Drink: td  Pinot Noir  th  Favorite Flower: td  Orchid  th  Favorite Perfume: td  Ralph Lauren Romance  th  Gifts: td  Journelle, Gift Cards","I am 5'0 100lbs 32B 24 31 hips, very tiny and petite mix of Dutch and Venazuelan~ I love Humanity and I am a Registered Nurse, I can take care of all your heartbreaks and need for companionship, just send me a Text, Email or Call Me! Contact Base city: Trenton NJ  th  Phone: td  +12675212919 E-mail:  th  Web: td   demilovesnj.escortfiles.com Private message: Comments Reviews Comments Add a comment Comment is awaiting moderation Reviews Add a review","Escort and hot girl Vip Model Donna in Milan","United Arab Emirates","Last modified: 21 May 2016","Dubai","Vip Model Kelly"
"BIO  th  Category: td  Female  th  Ethnic: td  Asian  th  Nationality: td  Vietnamese  th  Age: td  23  th  Eyes: td  Brown  th  Hair: td  Black  th  Pubic hair: td  Shaved completely Height: 160 cm (5' 3 ) Weight: 40 kg (88 lbs)  th  Bust-Waist-Hip: td  32-22-30  th  Cup size: td  C  th  Dress size: td  XS  th  Smoker: td  No  th  Drinking: td  No Languages: English Available for: Incall: Private apartment Outcall: Hotel and home visits  th  Orientation: td  Heterosexual Service for: Men","Exclusive VIP Model Tiana is a model for certain events. She loves Dinner Date, Long Booking, overnight on the Maldives, Bora Bora, Bahamas, Hawaii, Los Angeles, San Francisco, New York, London, Dubai, Abu Dhabi, Seychelles, Mauritius, Singapore, Paris, Milan, Roma, Oman, Miami, Monaco, Mumbai, Tokyo, Cape Town.The reservations should be discussed in advance. It is a model that they will never forget.Incredibly memorable and harmonious in every respect to Exclusive VIP Model Tiana bring a little attention then we recommend Gucci, Agent Provocateur, Bottega Veneta, Christian Louboutin, Stella McCartney, Valentino, Hermes, Chanel, Fendi, Prada, Burberry, Jimmy Choo, Roberto Cavalli and much more&hellip;These are a few suggestions. Yachts and private jets, first class and business class are always welcome, they will be impressive by their pleasant demeanor.Alana Gold wishes them an incredible experience with Exclusive VIP Model Tiana.She is a very sweet, young girl.open minded Services 69 Position Cum in Mouth Cum on Face Dildo Play Toys French Kissing Girlfriend Experience (GFE) Kissing Blowjob with Condom Blowjob without Condom Sex in Different Positions Ball Licking and Sucking Deep Throat Dirtytalk Double Penetration (DP) Extraball Facesitting Fisting Full Body Sensual Massage Gangbang Lingerie Masturbate Outdoor Sex Rimming (receive) Snowballing Striptease Lapdance Foot Fetish Golden Shower (give) Cumshot on body (COB) Erotic massage Intimate massage Kissing if good chemistry Titjob Shower service Whirlpool Handjob DUO Fingering Footjob Quickie Rates Incall 1 hour: 1,500 USD additional hour : 1,000 USD Outcall 1 hour: 1,500 USD additional hour : 1,000 USD Travel Rates & Conditions Travel Destinations Worldwide (including USA) Contact Agency Alanagold Base city: Manhattan NY Phone: Apps Available: WhatsApp Phone instructions: SMS and Call E-mail: Web: alana-gold.com  Private message: Working time I am available 24 7 See all escorts from Alanagold view type Click for details Vip Mode..., 24 Click for details Vip Mode..., 28 Click for details Vip Mode..., 27 Click for details Vip Mode..., 26 Click for details Vip Mode..., 25 Click for details Vip Mode..., 22 Click for details Vip Mode..., 29 Click for details Vip Mode..., 27 Click for details Vip Mode..., 25 Click for details Vip Mode..., 27 Click for details Vip Mode..., 25 Click for details Vip Mode..., 27 Click for details Vip Mode..., 27 Click for details Vip Mode..., 20 Comments Reviews Comments Add a comment Comment is awaiting moderation Reviews Add a review","Escort and hot girl VIP MODEL JADE in Dubai","United States","Last modified: 25 Jun 2015","Dubai, United Arab Emirates","Annabelle Apples"
"BIO Category:Female Ethnic:Latin Nationality:British Age:22 Eyes:Brown Hair:Black Hair Length:Long Height: 168 cm (5' 6 ) Smoker:No Drinking:Occasionally Languages: English Available for: Incall: Hotel room Outcall: Hotel and home visits Orientation:Bisexual Service for: Men Women Couples","DO YOU WISH TO SEE MORE PHOTOS OF THIS MODEL  JUST SEND US A MESSAGE! Services Anal Sex Cum in Mouth Cum on Face French Kissing Girlfriend Experience (GFE) Kissing Blowjob without Condom Blowjob without Condom to Completion Sex in Different Positions Extraball Cumshot on body (COB) Erotic massage Intimate massage Handjob Additional: DATY Rates Incall 1 hour: 150 USD 3 hours: 300 USD 10 hours: 500 USD 24 hours: 700 USD 2 days: 1,200 USD 3 days: 1,600 USD 4 days: 1,950 USD 5 days: 2,300 USD 6 days: 2,650 USD 7 days: 2,950 USD Outcall 1 hour: 150 USD 3 hours: 300 USD 10 hours: 500 USD 1 days: 700 USD 2 days: 1,200 USD 3 days: 1,600 USD 4 days: 1,950 USD 5 days: 2,300 USD 6 days: 2,650 USD 7 days: 2,950 USD All services are included in this price.   1 day means up to 24 hours    + cab fare 50 Griwna Payment: Down payment travel expenses PLUS $150 DEPOSIT for 1 day bookings, travel expenses PLUS $250 DEPOSIT for 2 day bookings, travel expenses PLUS $300 DEPOSIT for 3 days or more bookings . A deposit of 50% is required if you prefer to purchase the ticket and to send us an e-ticket For reservations in Kiev: For dates in Kiev ODESSA LVOV we have a travel flat rate of $175 within Ukraine. Travel Rates & Conditions Minimum Booking 1 hours Travel Destinations Europe only Contact Agency Devushki1 Base city: Donezk Available in: Kiev, Odessa, Lviv Phone: Other phone instructions:SMS and text only E-mail: Web: www.devushkione.com nastik.html Private message: Working time I am available 24 7 See all escorts from Devushki1 view type Click for details Vanessa, 24 Click for details Darya, 27 Click for details Vika, 23 Click for details Carolina, 28 Click for details Luisa, 29 Click for details Jana, 20 Click for details Elvira, 19 Click for details Diana, 19 Click for details Elen, 31 Click for details Katya, 22 Click for details Dana, 26 Click for details Alina, 24 Click for details Anya, 22 Click for details Sonya, 23 Comments Reviews Comments Add a comment Comment is awaiting moderation Reviews Add a review","Escort and hot girl Vip Model Janina in Dubai","United States","Last modified: 10 Mar 2016","Tournai, Belgium","Mia"
"BIO Category:Female Ethnic:Caucasian (white) Nationality:Greek Age:28 Eyes:Green Hair:Blond Hair Length:Long Height: 177 cm (5' 10 ) Smoker:No Drinking:Occasionally Languages: English Available for: Incall: Private apartment Outcall: Hotel and home visits Orientation:Bisexual Service for: Men Women Couples 2+","Hi Im Kirby I like serious men that are very distinguished. Im not into cheap thrills! Words hold no weight with me only actions. Dont go and get me something. Let me go get it my self. Travel Rates & Conditions Travel Destinations Worldwide (including USA) Contact Base city: 27406 Greensboro NC Available in: Charlotte NC, Virginia Beach VA  th  Phone: td  +13056995836 Apps Available: WhatsApp   Phone instructions: SMS and Call E-mail:  th  Web: td   www.kirby.escortbook.com Private message: Working time I am available 24 7 Comments Reviews Comments Add a comment Comment is awaiting moderation Reviews Add a review","Escort and hot girl Vip Model Rachel in New York City NY","United States","Last modified: 04 Jun 2016","Philadelphia PA","Vip Model Tiana"
"BIO Category:Female Ethnic:Caucasian (white) Nationality:Italian Age:25 Eyes:Green Hair:Blond Hair Length:Medium Tattoo:Yes Height: 174 cm (5' 9 ) Smoker:No Drinking:Occasionally Languages: English Italian Available for: Incall: Private apartment Outcall: Hotel and home visits Orientation:Bisexual Service for: Men Women Couples","justina ;; A brand new sexy erotic and sensual body with the face of an angel and body of goddess, come and have the time of your life with me, real sensual live one - on -one action,i love kissing, Rimming,Cuddling,Licking, Deep throat, Anal sexy and fun body Massage, body shots, oral and golden showers ,Best B J OR 69 ONE ON ONE wild kinky and naughty sexy with no limits! l'm young lady and i&rsquo;m ready to make you happy .come and enjoy the best of everything&rsquo;s you want . i&rsquo;m also very in to sucking cock,there is nothing better than the feeling of a hard cock in my mouth also &lsquo;&rsquo;there is nothing hotter than being rammed from behind as doggy-style by a hot man. That makes me come like crazy,but i also enjoy the touch and taste of a man in my lovely pussy. couples and doubles are highly welcome or overnight e. t.c . private and travel 24 7 always at my up market apartment very clean and discreet venue safe secure .satisfaction guaranteed. tourist friendly everything&rsquo;s goes !!! PLS YOU CAN VISIT ME ON;; escortsSA.com Rates: FULL RATE    one hour =incall [ 1,200 R] OR 2 hours =incall [2,200 R] OR overnight= incall [5,000 R] OR one hour =outcall [ 2,500 R] OR 2 hours =outcall [ 3,300R] OR overnight =outcall [5,000 R ] Services 69 Position Anal Sex Cum in Mouth Cum on Face Dildo Play Toys French Kissing Girlfriend Experience (GFE) Kissing Blowjob with Condom Blowjob without Condom Blowjob without Condom to Completion Sex in Different Positions Ball Licking and Sucking Deep Throat Dirtytalk Double Penetration (DP) Extraball Facesitting Fisting Full Body Sensual Massage Gangbang Kamasutra Lesbian Sex Games Lingerie Masturbate Blowjob without Condom Swallow Outdoor Sex Pornstar Experience (PSE) Private Photos Prostate Massage Rimming (give) Rimming (receive) Snowballing Striptease Lapdance Tantric BDSM Bondage Clinic Sex Fetish Foot Fetish Golden Shower (give) Golden Shower (recieve) Leather Latex PVC Mistress (hard) Mistress (soft) Role Play and Fantasy Spanking (give) Spanking (receive) Strap on Submissive Slave (hard) Submissive Slave (soft) Cumshot on body (COB) Erotic massage Intimate massage Kissing if good chemistry Foam massage Titjob Anal massage (give) Anal massage (receive) Shower service Whirlpool Intimate shaving Scat (give) Scat (receive) Squirting Swingersclub Sauna Handjob DUO Fingering Trampling Footjob Private Video Oral (receive) Travel Rates & Conditions Travel Destinations Europe only Contact Base city: 8005 Cape Town  th  Phone: td  +27763101766 Apps Available: Phone instructions: SMS and Call E-mail: Private message: Working time I am available 24 7 Comments Reviews Comments Add a comment Comment is awaiting moderation Reviews Add a review","Escort and hot girl Vip Model Tiana in Manhattan NY","United Kingdom","Last modified: 14 Jun 2016","Philadelphia PA, United States","Vip Model Valentina"
"BIO Category:Female Ethnic:Caucasian (white) Nationality:Turkish Age:25 Eyes:Brown Hair:Blond Hair Length:Medium Pubic hair:Shaved completely Tattoo:No Piercing:No Height: 165 cm (5' 5 ) Weight: 50 kg (110 lbs) Bust-Waist-Hip:34-24-34 Cup size:D Breast:Natural Shoe size:35 Dress size:S Smoker:No Drinking:No Languages: English Available for: Incall: Private apartment Outcall: Hotel and home visits Orientation:Heterosexual Service for: Men Favorite Drink:wine Favorite Flower:rose Favorite Perfume:lancome Keywords : Petite All natural","Exclusive VIP Model Kate is a model for certain events. She loves Dinner Date, Long Booking, overnight on the Maldives, Bora Bora, Bahamas, Hawaii, Los Angeles, San Francisco, New York, London, Dubai, Abu Dhabi, Seychelles, Mauritius, Singapore, Paris, Milan, Roma, Oman, Miami, Monaco, Mumbai, Tokyo, Cape Town.The reservations should be discussed in advance.It is a model that they will never forget. Incredibly memorable and harmonious in every respect to Exclusive VIP Model Kate bring a little attention then we recommend Gucci, Agent Provocateur, Bottega Veneta, Christian Louboutin, Stella McCartney, Valentino, Hermes, Chanel, Fendi, Prada, Burberry, Jimmy Choo, Roberto Cavalli and much more&hellip;These are a few suggestions. Yachts and private jets, first class and business class are always welcome, they will be impressive by their pleasant demeanor. Alana Gold wishes them an incredible experience with Exclusive VIP Model Kate.open mind Services 69 Position Anal Sex Cum in Mouth Cum on Face Dildo Play Toys French Kissing Girlfriend Experience (GFE) Kissing Blowjob with Condom Blowjob without Condom Blowjob without Condom to Completion Sex in Different Positions Ball Licking and Sucking Deep Throat Dirtytalk Double Penetration (DP) Extraball Facesitting Full Body Sensual Massage Lesbian Sex Games Lingerie Masturbate Rimming (receive) Striptease Lapdance Cumshot on body (COB) Erotic massage Intimate massage Kissing if good chemistry Titjob Handjob DUO Rates Incall 1 hour: 600 EUR (~674 USD) Outcall 1 hour: 600 EUR (~674 USD) Travel Rates & Conditions Travel Destinations Europe only Contact Agency Alanagold Base city: Milan Phone: Apps Available: WhatsApp Phone instructions: SMS and Call E-mail: Web: alana-gold.com  Private message: Working time I am available 24 7 See all escorts from Alanagold view type Click for details Vip Mode..., 24 Click for details Vip Mode..., 28 Click for details Vip Mode..., 27 Click for details Vip Mode..., 26 Click for details Vip Mode..., 25 Click for details Vip Mode..., 22 Click for details Vip Mode..., 29 Click for details Vip Mode..., 25 Click for details Vip Mode..., 27 Click for details Vip Mode..., 25 Click for details Vip Mode..., 27 Click for details Vip Mode..., 22 Click for details Vip Mode..., 27 Click for details Vip Mode..., 20 Reviews Comments Reviews Add a review Latest by : rick88 (13 Jun 2016) Currently : 1 Reviews Review :Che dire una donna formidabile,la sua bellezza non si discute  ancora pi bella dal vivo. Incontrata pi di una volta ormai  una dolce amica,per quanto riguarda l'aspetto intimo  una vera number on ... Looks : Services: View Comments Add a comment Comment is awaiting moderation","Escort and hot girl Cristina in Seoul","Sweden","Last modified: 02 Sep 2015","Dubai","sabryna"
"BIO Category:Female Ethnic:Caucasian (white) Nationality:British Age:27 Eyes:Brown Hair:Black Hair Length:Long Height: 176 cm (5' 9 ) Smoker:No Drinking:Occasionally Languages: English Russian Available for: Incall: Private apartment Orientation:Bisexual Service for: Men Women Couples 2+","VIP Model Jenna is a model for certain events. She loves Dinner Date, Long Booking, overnight on the Maldives, Bora Bora, Bahamas, Hawaii, Los Angeles, San Francisco, New York, London, Dubai, Abu Dhabi, Seychelles, Mauritius, Singapore, Paris, Milan, Roma, Oman, Miami, Monaco, Mumbai, Tokyo, Cape Town. The reservations should be discussed in advance. It is a model that they will never forget. Incredibly memorable and harmonious in every respect to VIP Model Jenna bring a little attention then we recommend Gucci, Agent Provocateur, Bottega Veneta, Christian Louboutin, Stella McCartney, Valentino, Hermes, Chanel, Fendi, Prada, Burberry, Jimmy Choo, Roberto Cavalli and much more&hellip; These are a few suggestions. Yachts and private jets, first class and business class are always welcome, they will be impressive by their pleasant demeanor. Alana Gold wishes them an incredible experience with VIP Model Jenna. Jenna is incredibly open-minded, open to all things, very smart, sexy, sensitive, the perfecte accompaniment to dinner, the perfecte accompaniment for events. extremely open minded Services 69 Position Anal Sex Cum in Mouth Cum on Face Dildo Play Toys French Kissing Girlfriend Experience (GFE) Kissing Blowjob with Condom Blowjob without Condom Blowjob without Condom to Completion Sex in Different Positions Ball Licking and Sucking Deep Throat Dirtytalk Double Penetration (DP) Extraball Facesitting Fisting Full Body Sensual Massage Gangbang Lesbian Sex Games Lingerie Outdoor Sex Prostate Massage Rimming (give) Rimming (receive) Snowballing Striptease Lapdance Golden Shower (give) Leather Latex PVC Cumshot on body (COB) Erotic massage Intimate massage Kissing if good chemistry Titjob Anal massage (give) Anal massage (receive) Shower service Whirlpool Handjob Fingering Footjob Quickie Rates Incall 1 hour: 600 GBP (~774 USD) additional hour : 400 GBP (~516 USD) Outcall 1 hour: 600 GBP (~774 USD) additional hour : 400 GBP (~516 USD) Travel Rates & Conditions Travel Destinations Europe only Contact Agency Alanagold Base city: London Phone: Apps Available: WhatsApp Phone instructions: SMS and Call E-mail: Web: alana-gold.com  Private message: Working time I am available 24 7 See all escorts from Alanagold view type Click for details Vip Mode..., 24 Click for details Vip Mode..., 28 Click for details Vip Mode..., 27 Click for details Vip Mode..., 26 Click for details Vip Mode..., 25 Click for details Vip Mode..., 22 Click for details Vip Mode..., 29 Click for details Vip Mode..., 27 Click for details Vip Mode..., 25 Click for details Vip Mode..., 27 Click for details Vip Mode..., 25 Click for details Vip Mode..., 22 Click for details Vip Mode..., 27 Click for details Vip Mode..., 20 Comments Reviews Comments Add a comment Comment is awaiting moderation Reviews Add a review","Escort and hot girl Nastik in Donezk","United States","Last modified: 21 May 2016","Dubai, United Arab Emirates","Vip Model Francesca"
"BIO  th  Category: td  Female Languages: English Service for: Men","Stop fantasizing about how our date could be and give me a call! Book me for an incall or outcall and we can meet. I can be more than a quick date! I am a sensual girl, with a playful and vivacious attitude. I can also be the perfect companion if you need a classy girl by your side! With me everything is on the table. You just have to express your wishes and together we can have some fun fulfilling them. From anal, blowjob without condom to completion and sex in different positions, to CIM, CIF, COB and erotic massage&hellip;my range of services is pretty extensive! Just choose your favorites and let&rsquo;s start the sex party! Call me now and let&rsquo;s meet. Services Anal Sex Cum in Mouth Cum on Face French Kissing Kissing Blowjob without Condom Blowjob without Condom to Completion Sex in Different Positions Extraball Blowjob without Condom Swallow Cumshot on body (COB) Erotic massage Handjob Additional: DATY Rates Incall 1 hour: 150 USD 3 hours: 300 USD 10 hours: 500 USD 24 hours: 700 USD 2 days: 1,200 USD 3 days: 1,600 USD 4 days: 1,950 USD 5 days: 2,300 USD 6 days: 2,650 USD 7 days: 2,950 USD Outcall 1 hour: 150 USD 3 hours: 300 USD 10 hours: 500 USD 24 hours: 700 USD 2 days: 1,200 USD 3 days: 1,600 USD 4 days: 1,950 USD 5 days: 2,300 USD 6 days: 2,650 USD 7 days: 2,950 USD All services are included in this price.   1 day means up to 24 hours    + cab fare 50 Griwna Payment: Down payment travel expenses PLUS $150 DEPOSIT for 1 day bookings, travel expenses PLUS $250 DEPOSIT for 2 day bookings, travel expenses PLUS $300 DEPOSIT for 3 days or more bookings . A deposit of 50% is required if you prefer to purchase the ticket and to send us an e-ticket For reservations in Kiev: For dates in Kiev ODESSA LVOV we have a travel flat rate of $175 within Ukraine Travel Rates & Conditions Minimum Booking 1 hours Travel Destinations Europe only Contact Agency Devushki1 Base city: Donezk Available in: Kiev, Odessa, Lviv Phone: Other phone instructions:SMS and text only E-mail: Web: www.devushkione.com alexandra.html Private message: Working time I am available 24 7 See all escorts from Devushki1 view type Click for details Vanessa, 24 Click for details Darya, 27 Click for details Vika, 23 Click for details Carolina, 28 Click for details Luisa, 29 Click for details Jana, 20 Click for details Elvira, 19 Click for details Diana, 19 Click for details Elen, 31 Click for details Katya, 22 Click for details Dana, 26 Click for details Anya, 22 Click for details Sonya, 23 Click for details Mila, 24 Comments Reviews Comments Add a comment Comment is awaiting moderation Reviews Add a review","Escort and hot girl Vip Model Monica in Dubai","Turkey","Last modified: 05 Jun 2016","Dubai","Natasha"
"BIO Category:Female Ethnic:Caucasian (white) Nationality:French Age:26 Eyes:Green Hair:Blond Hair Length:Long Height: 173 cm (5' 8 ) Breast:Natural Dress size:S Smoker:No Drinking:Occasionally Languages: English Available for: Incall: Hotel room Outcall: Hotel and home visits Orientation:Bisexual Service for: Men Women","We are an Elite Gentlemans`Companion, at the time located around the World (Dubai, Singapore, London, Paris, Milano, Berlin, New York, Abu Dhabi and World wide.) &ndash; but you can also meet us in almost every place in the world. We offer high class full-service of the most exquisite quality. Please take your time and enjoy your time on our site.&ldquo; An intellectually inspiring conversation can be as exciting as a physical experience&rdquo;. We love to share this experience with you. Alana gold is a high class agency for travel escorting, business escorting, boat partys and more&hellip; The ladys have a highgrade education. Alana Gold specializes in overnight stays, holidays, accompaniments, long bookings and dinner dates. Our models are all independent, extraordinary, wise,athletic, independent, and incredibly beautiful and sexy women. They know how they have to behave in the situations booked. A very small but selected range ofsuper high class models for every pleasant occasion. I wish you a very exciting experience and gold by Alana. Alana gold their &ldquo;personal assistant for fun and amusing society&ldquo;. Services 69 Position Anal Sex Cum in Mouth Cum on Face Dildo Play Toys French Kissing Girlfriend Experience (GFE) Kissing Blowjob with Condom Blowjob without Condom Blowjob without Condom to Completion Sex in Different Positions Ball Licking and Sucking Deep Throat Dirtytalk Double Penetration (DP) Extraball Facesitting Full Body Sensual Massage Lesbian Sex Games Lingerie Masturbate Outdoor Sex Rimming (receive) Cumshot on body (COB) Erotic massage Intimate massage Kissing if good chemistry Titjob Whirlpool Sauna Handjob DUO Oral (receive) Rates Incall 1 hour: 600 GBP (~774 USD) additional hour : 400 GBP (~516 USD) Outcall 1 hour: 600 GBP (~774 USD) additional hour : 400 GBP (~516 USD) Travel Rates & Conditions Travel Destinations Europe only Contact Agency Alanagold Base city: London Phone: Apps Available: WhatsApp Phone instructions: SMS and Call E-mail: Web: alana-gold.com  Private message: Working time I am available 24 7 See all escorts from Alanagold view type Click for details Vip Mode..., 24 Click for details Vip Mode..., 28 Click for details Vip Mode..., 27 Click for details Vip Mode..., 26 Click for details Vip Mode..., 25 Click for details Vip Mode..., 22 Click for details Vip Mode..., 29 Click for details Vip Mode..., 27 Click for details Vip Mode..., 25 Click for details Vip Mode..., 27 Click for details Vip Mode..., 25 Click for details Vip Mode..., 27 Click for details Vip Mode..., 22 Click for details Vip Mode..., 27 Comments Reviews Comments Add a comment Comment is awaiting moderation Reviews Add a review","Escort and hot girl Vip Model Kate in Milan","United Kingdom","Last modified: 14 Jun 2016","Dubai, United Arab Emirates","Vip Model Pearl"
"BIO Category:Female Ethnic:Caucasian (white) Nationality:Russian Age:29 Eyes:Brown Hair:Brunette Hair Length:Very Long Tattoo:No Piercing:No Height: 166 cm (5' 5 ) Smoker:No Drinking:Occasionally Languages: Russian English Available for: Incall: Hotel room Outcall: Hotel and home visits Orientation:Bisexual Service for: Men Women Couples"," ","Escort and hot girl Vip Model Jenna in London","Italy","Last modified: 11 Nov 2015","Milan","Vip Model Donna"
"BIO Category:Female Ethnic:Caucasian (white) Nationality:British Age:25 Eyes:Brown Hair:Blond Hair Length:Long Tattoo:No Piercing:No Height: 174 cm (5' 9 ) Smoker:No Drinking:No Languages: English Available for: Incall: Hotel room Outcall: Hotel and home visits Orientation:Heterosexual Service for: Men"," ","Escort and hot girl Vip Model Isabella in New York City NY","United States","Last modified: 15 Dec 2014","Milan, Italy","Demi Adriana"
"BIO Category:Female Ethnic:Latin Nationality:British Age:22 Eyes:Brown Hair:Black Hair Length:Long Height: 168 cm (5' 6 ) Smoker:No Drinking:Occasionally Languages: English Available for: Incall: Hotel room Outcall: Hotel and home visits Orientation:Bisexual Service for: Men Women Couples"," ","Escort and hot girl VIP MODEL DONNA in Rome","United Arab Emirates","Last modified: 11 Nov 2015","Milan","VIP MODEL JADE"
"BIO Category:Female Ethnic:Caucasian (white) Nationality:Swiss Age:24 Eyes:Brown Hair:Blond Pubic hair:Shaved completely Height: 174 cm (5' 9 ) Weight: 61 kg (134 lbs) Bust-Waist-Hip:36-25-34 Cup size:D Breast:Natural Dress size:M Smoker:Occasionally Drinking:No Languages: German English French Spanish Available for: Incall: Hotel room Outcall: Hotel visits only Orientation:Heterosexual Service for: Men Favorite Cuisine:french Favorite Drink:green apple Favorite Flower:roses Favorite Perfume:angel Favorite Designer   Brand:LV Sports:swimming,sky,iceskating Other Hobbies:reading,sex :))"," ","Escort and hot girl Alexandra in Donezk","United Arab Emirates","Last modified: 06 Jun 2016","Milan, Italy","Vip Model Janina"
"Super sexy escort BIO Category:Female Ethnic:Caucasian (white) Age:19 Hair:Light brown Hair Length:Long Height: 175 cm (5' 9 ) Languages: English Italian Available for: Incall Outcall: Hotel and home visits Orientation:Heterosexual Service for: Men Home City: Kiev (Ukraine)"," ","Escort and hot girl Vip Model Angel in London","United States","Last modified: 06 Jun 2016","Donezk","Vip Model Rachel"
"BIO  th  Category: td  Female  th  Ethnic: td  Mixed  th  Nationality: td  Dominican  th  Age: td  21  th  Eyes: td  Brown  th  Hair: td  Black  th  Hair Length: td  Long  th  Pubic hair: td  Shaved completely  th  Tattoo: td  Yes  th  Piercing: td  Yes Weight: 117 kg (257 lbs)  th  Bust-Waist-Hip: td  36-26-28  th  Cup size: td  C  th  Breast: td  Natural  th  Dress size: td  S  th  Smoker: td  Occasionally  th  Drinking: td  Occasionally  th  Characteristic: td  Ass Languages: English Available for: Incall: Hotel room Outcall: Hotel and home visits  th  Orientation: td  Bisexual Service for: Men Women Couples Gays"," "," ","United States","Last modified: 04 Jun 2016","Donezk, Ukraine","Vip Model Tiana"
"BIO Category:Female Ethnic:Caucasian (white) Nationality:Italian Age:24 Eyes:Green Hair:Brunette Hair Length:Long Tattoo:No Piercing:No Height: 169 cm (5' 7 ) Smoker:No Drinking:Occasionally Languages: English Available for: Incall: Hotel room Outcall: Hotel and home visits Orientation:Bisexual Service for: Men Women Couples"," "," ","South Korea","Last modified: 04 Sep 2014","Abu Dhabi","Cristina"
"BIO  th  Category: td  Female  th  Ethnic: td  Black  th  Nationality: td  South African  th  Age: td  23  th  Eyes: td  Brown  th  Hair: td  Light brown  th  Hair Length: td  Medium  th  Pubic hair: td  All natural  th  Tattoo: td  Yes  th  Piercing: td  Yes Height: 135 cm (4' 5 ) Weight: 47 kg (103 lbs)  th  Cup size: td  B  th  Breast: td  Natural  th  Shoe size: td  34  th  Dress size: td  M  th  Smoker: td  Occasionally  th  Drinking: td  Yes Languages: English Available for: Incall: Private apartment Outcall: Hotel and home visits  th  Orientation: td  Bisexual Service for: Men"," "," ","Ukraine","Last modified: 28 Apr 2016","Abu Dhabi, United Arab Emirates","Nastik"
"BIO Category:Female Ethnic:Caucasian (white) Nationality:Italian Age:27 Eyes:Brown Hair:Blond Hair Length:Medium Height: 175 cm (5' 9 ) Smoker:No Drinking:Occasionally Languages: English Italian Available for: Incall: Private apartment Outcall: Hotel and home visits Orientation:Bisexual Service for: Men Women Couples"," "," ","United States","Last modified: 23 Jul 2015","Boston MA, United States","Kirby"
"BIO Category:Female Ethnic:Caucasian (white) Nationality:British Age:27 Eyes:Black Hair:Black Hair Length:Long Tattoo:Yes Piercing:Yes Height: 177 cm (5' 10 ) Smoker:No Drinking:Occasionally Languages: English Available for: Incall: Private apartment Outcall: Hotel and home visits Orientation:Bisexual Service for: Men Women Couples 2+"," "," ","United Arab Emirates","Last modified: 20 Jul 2016","Los Angeles CA, United States","Vip Model Monica"
"BIO Category:Female Ethnic:Caucasian (white) Nationality:Italian Age:26 Eyes:Green Hair:Light brown Hair Length:Very Long Height: 174 cm (5' 9 ) Smoker:No Drinking:Occasionally Languages: English Italian Available for: Incall: Private apartment Outcall: Hotel and home visits Orientation:Bisexual Service for: Men Women Couples"," "," ","South Africa","Last modified: 13 Jun 2015","Manhattan NY","Justina"
"BIO Category:Female Ethnic:Caucasian (white) Nationality:Italian Age:26 Eyes:Green Hair:Black Hair Length:Long Pubic hair:Shaved completely Tattoo:No Piercing:No Height: 173 cm (5' 8 ) Weight: 56 kg (123 lbs) Cup size:D Breast:Silicone Shoe size:39 Dress size:S Drinking:Occasionally Languages: English Italian Available for: Outcall: Hotel and home visits Orientation:Bisexual Service for: Men Women Couples Keywords : VIP Companion Muscular Model  Ex-model Super busty College girl Fitness girl"," "," ","Italy","Last modified: 21 May 2016","Manhattan NY, United States","Vip Model Kate"
"A nice beauty BIO Category:Female Ethnic:Caucasian (white) Age:32 Hair:Blond Hair Length:Long Height: 172 cm (5' 8 ) Languages: German English Available for: Incall Outcall: Hotel and home visits Orientation:Heterosexual Service for: Men Home City: Kharkov (Ukraine)"," "," ","United Kingdom","Last modified: 04 Jun 2016","London","Vip Model Jenna"
"BIO Category:Female Ethnic:Caucasian (white) Nationality:Italian Age:20 Eyes:Brown Hair:Light brown Hair Length:Very Long Height: 168 cm (5' 6 ) Smoker:Occasionally Drinking:Occasionally Languages: English Available for: Incall: Private apartment Outcall: Hotel and home visits Orientation:Bisexual Service for: Men Couples Keywords : VIP Companion Muscular Model  Ex-model All natural Fitness girl"," "," ","United States","Last modified: 14 Jun 2016","London, United Kingdom","Vip Model Isabella"
" "," "," ","Italy","Last modified: 21 May 2016","Stockholm, Sweden","VIP MODEL DONNA"
" "," "," ","Ukraine","Last modified: 28 Apr 2016","Manhattan NY","Alexandra"
" "," "," ","United Kingdom","Last modified: 04 Jun 2016","Manhattan NY, United States","Vip Model Angel"
" "," "," "," "," ","Ankara"," "
" "," "," "," "," ","Ankara, Turkey"," "
" "," "," "," "," ","London"," "
" "," "," "," "," ","London, United Kingdom"," "
" "," "," "," "," ","Milan"," "
" "," "," "," "," ","Milan, Italy"," "
" "," "," "," "," ","Trenton NJ, United States"," "
" "," "," "," "," ","Dubai"," "
" "," "," "," "," ","Dubai, United Arab Emirates"," "
" "," "," "," "," ","Dubai"," "
" "," "," "," "," ","Dubai, United Arab Emirates"," "
" "," "," "," "," ","New York City NY"," "
" "," "," "," "," ","New York City NY, United States"," "
" "," "," "," "," ","Manhattan NY"," "
" "," "," "," "," ","Manhattan NY, United States"," "
" "," "," "," "," ","Seoul"," "
" "," "," "," "," ","Seoul, South Korea"," "
" "," "," "," "," ","Donezk"," "
" "," "," "," "," ","Donezk, Ukraine"," "
" "," "," "," "," ","Greensboro NC, United States"," "
" "," "," "," "," ","Dubai"," "
" "," "," "," "," ","Dubai, United Arab Emirates"," "
" "," "," "," "," ","Cape Town, South Africa"," "
" "," "," "," "," ","Milan"," "
" "," "," "," "," ","Milan, Italy"," "
" "," "," "," "," ","London"," "
" "," "," "," "," ","London, United Kingdom"," "
" "," "," "," "," ","New York City NY"," "
" "," "," "," "," ","New York City NY, United States"," "
" "," "," "," "," ","Rome"," "
" "," "," "," "," ","Rome, Italy"," "
" "," "," "," "," ","Donezk"," "
" "," "," "," "," ","Donezk, Ukraine"," "
" "," "," "," "," ","London"," "
" "," "," "," "," ","London, United Kingdom"," "
